-- phpMyAdmin SQL Dump
-- version 5.2.1
-- https://www.phpmyadmin.net/
--
-- Servidor: 127.0.0.1
-- Tiempo de generación: 18-11-2025 a las 20:17:12
-- Versión del servidor: 10.4.32-MariaDB
-- Versión de PHP: 8.2.12

SET SQL_MODE = "NO_AUTO_VALUE_ON_ZERO";
START TRANSACTION;
SET time_zone = "+00:00";


/*!40101 SET @OLD_CHARACTER_SET_CLIENT=@@CHARACTER_SET_CLIENT */;
/*!40101 SET @OLD_CHARACTER_SET_RESULTS=@@CHARACTER_SET_RESULTS */;
/*!40101 SET @OLD_COLLATION_CONNECTION=@@COLLATION_CONNECTION */;
/*!40101 SET NAMES utf8mb4 */;

--
-- Base de datos: `cinemacentro-grupo1`
--
CREATE DATABASE IF NOT EXISTS `cinemacentro-grupo1` DEFAULT CHARACTER SET utf8mb4 COLLATE utf8mb4_general_ci;
USE `cinemacentro-grupo1`;

-- --------------------------------------------------------

--
-- Estructura de tabla para la tabla `comprador`
--

CREATE TABLE `comprador` (
  `idComprador` int(11) NOT NULL,
  `dni` int(11) NOT NULL,
  `nombre` varchar(50) NOT NULL,
  `fechaNacimiento` date NOT NULL,
  `password` varchar(50) NOT NULL,
  `medioDePago` varchar(30) NOT NULL
) ENGINE=InnoDB DEFAULT CHARSET=utf8mb4 COLLATE=utf8mb4_general_ci;

--
-- Volcado de datos para la tabla `comprador`
--

INSERT INTO `comprador` (`idComprador`, `dni`, `nombre`, `fechaNacimiento`, `password`, `medioDePago`) VALUES
(3, 41221751, 'Gimenez Paula', '1998-06-06', '123', 'Mercado Pago'),
(4, 45123987, 'Camila Biarnes', '2002-05-17', '1234', 'Tarjeta Visa'),
(5, 42987654, 'Franco Besso', '2000-08-09', '1234', 'Mercado Pago'),
(6, 41752369, 'Jonathan Maidana', '1998-11-03', '1234', 'Efectivo'),
(7, 43222034, 'camila aguirre', '2002-10-06', 'jPasswordField1', 'Tarjeta de Debito'),
(8, 43621472, 'marcos latini', '2000-07-08', 'jPasswordField1', 'Tarjeta de Debito'),
(9, 12345678, 'jose albarez', '1995-11-13', 'jPasswordField1', 'Tarjeta de Debito'),
(10, 39092552, 'joantan gomez', '1995-09-10', '123', 'Tarjeta de Credito'),
(12, 12345675, 'sandra gil', '1999-11-16', '123', 'Mercado Pago'),
(13, 98765431, 'esther quiroga', '1998-11-19', 'jPasswordField1', 'Transferencia');

-- --------------------------------------------------------

--
-- Estructura de tabla para la tabla `detalleticket`
--

CREATE TABLE `detalleticket` (
  `idDetalleTicket` int(11) NOT NULL,
  `idFuncion` int(11) NOT NULL,
  `idLugar` int(11) NOT NULL,
  `cantidad` int(11) NOT NULL,
  `subtotal` double NOT NULL
) ENGINE=InnoDB DEFAULT CHARSET=utf8mb4 COLLATE=utf8mb4_general_ci;

--
-- Volcado de datos para la tabla `detalleticket`
--

INSERT INTO `detalleticket` (`idDetalleTicket`, `idFuncion`, `idLugar`, `cantidad`, `subtotal`) VALUES
(2, 5, 46, 1, 8000),
(3, 5, 46, 1, 8000),
(4, 5, 47, 1, 8000),
(5, 6, 55, 1, 9000),
(6, 5, 50, 1, 8000),
(7, 6, 56, 2, 18000),
(8, 17, 365, 1, 8500),
(9, 17, 366, 1, 8500),
(10, 16, 165, 2, 17000),
(11, 5, 48, 1, 8000),
(12, 21, 1165, 2, 17000),
(13, 14, 103, 2, 17000),
(14, 19, 765, 1, 8500),
(15, 19, 766, 1, 8500),
(16, 20, 965, 1, 8500),
(17, 20, 966, 1, 8500),
(18, 9, 91, 1, 8500),
(19, 9, 92, 1, 8500),
(20, 9, 93, 1, 8500),
(21, 9, 94, 1, 8500),
(22, 19, 830, 1, 8500),
(23, 19, 831, 1, 8500);

-- --------------------------------------------------------

--
-- Estructura de tabla para la tabla `funcion`
--

CREATE TABLE `funcion` (
  `idFuncion` int(11) NOT NULL,
  `idPelicula` int(11) NOT NULL,
  `idioma` varchar(30) NOT NULL,
  `es3d` tinyint(1) NOT NULL,
  `subtitulado` tinyint(1) NOT NULL,
  `horarioInicio` datetime NOT NULL,
  `horarioFin` datetime NOT NULL,
  `lugarDisponible` int(11) NOT NULL,
  `idSala` int(11) NOT NULL,
  `precio` double NOT NULL
) ENGINE=InnoDB DEFAULT CHARSET=utf8mb4 COLLATE=utf8mb4_general_ci;

--
-- Volcado de datos para la tabla `funcion`
--

INSERT INTO `funcion` (`idFuncion`, `idPelicula`, `idioma`, `es3d`, `subtitulado`, `horarioInicio`, `horarioFin`, `lugarDisponible`, `idSala`, `precio`) VALUES
(5, 3, 'espanol', 0, 1, '2025-12-16 16:30:00', '2025-12-16 18:30:00', 0, 6, 8000),
(6, 4, 'español', 1, 0, '2025-11-15 14:00:00', '2025-11-15 16:00:00', 0, 9, 9000),
(7, 4, 'español', 0, 1, '2025-11-15 18:00:00', '2025-11-15 20:00:00', 0, 3, 7000),
(8, 5, 'inglés', 0, 1, '2025-11-16 15:30:00', '2025-11-16 18:30:00', 0, 10, 8500),
(9, 5, 'español', 1, 0, '2025-11-16 20:00:00', '2025-11-16 23:00:00', 0, 8, 8500),
(10, 6, 'español', 1, 0, '2025-11-17 18:00:00', '2025-11-17 20:00:00', 0, 11, 9500),
(11, 6, 'inglés', 0, 1, '2025-11-17 18:00:00', '2025-11-17 20:00:00', 0, 12, 8000),
(12, 7, 'español', 0, 0, '2025-11-18 14:30:00', '2025-11-18 17:00:00', 0, 7, 7500),
(13, 8, 'español', 1, 0, '2025-11-19 16:00:00', '2025-11-19 18:30:00', 0, 11, 9000),
(14, 12, 'español', 1, 1, '2026-05-21 18:00:00', '2026-05-21 20:00:00', 0, 3, 8500),
(15, 13, 'ingles', 1, 1, '2026-05-28 18:00:00', '2026-05-28 20:00:00', 0, 3, 8500),
(16, 14, 'ingles', 1, 1, '2026-05-21 20:00:00', '2026-05-21 22:00:00', 0, 3, 8500),
(17, 10, 'español', 1, 1, '2026-06-04 20:00:00', '2026-06-04 22:00:00', 0, 3, 8500),
(18, 10, 'español', 1, 1, '2026-06-04 20:00:00', '2026-06-04 22:00:00', 0, 3, 8500),
(19, 9, 'ingles', 1, 1, '2026-05-07 18:00:00', '2026-05-07 20:00:00', 0, 4, 8500),
(20, 13, 'español', 0, 0, '2026-05-28 18:00:00', '2026-05-28 20:00:00', 0, 5, 8500),
(21, 11, 'coreano', 1, 1, '2026-05-14 18:00:00', '2026-05-14 19:25:00', 0, 11, 8500);

-- --------------------------------------------------------

--
-- Estructura de tabla para la tabla `lugar`
--

CREATE TABLE `lugar` (
  `idLugar` int(11) NOT NULL,
  `fila` char(1) NOT NULL,
  `num` int(11) NOT NULL,
  `estado` tinyint(1) NOT NULL,
  `idFuncion` int(11) NOT NULL
) ENGINE=InnoDB DEFAULT CHARSET=utf8mb4 COLLATE=utf8mb4_general_ci;

--
-- Volcado de datos para la tabla `lugar`
--

INSERT INTO `lugar` (`idLugar`, `fila`, `num`, `estado`, `idFuncion`) VALUES
(46, 'A', 1, 0, 5),
(47, 'A', 2, 0, 5),
(48, 'A', 3, 0, 5),
(49, 'B', 1, 1, 5),
(50, 'B', 2, 0, 5),
(51, 'B', 3, 1, 5),
(52, 'C', 1, 1, 5),
(53, 'C', 2, 1, 5),
(54, 'C', 3, 1, 5),
(55, 'A', 1, 0, 6),
(56, 'A', 2, 1, 6),
(57, 'A', 3, 0, 6),
(58, 'A', 4, 1, 6),
(59, 'B', 1, 1, 6),
(60, 'B', 2, 1, 6),
(61, 'B', 3, 1, 6),
(62, 'B', 4, 1, 6),
(63, 'C', 1, 1, 6),
(64, 'C', 2, 1, 6),
(65, 'C', 3, 1, 6),
(66, 'C', 4, 1, 6),
(67, 'A', 1, 1, 7),
(68, 'A', 2, 1, 7),
(69, 'A', 3, 1, 7),
(70, 'A', 4, 1, 7),
(71, 'B', 1, 1, 7),
(72, 'B', 2, 1, 7),
(73, 'B', 3, 1, 7),
(74, 'B', 4, 1, 7),
(75, 'C', 1, 1, 7),
(76, 'C', 2, 1, 7),
(77, 'C', 3, 1, 7),
(78, 'C', 4, 1, 7),
(79, 'A', 1, 1, 8),
(80, 'A', 2, 1, 8),
(81, 'A', 3, 1, 8),
(82, 'A', 4, 1, 8),
(83, 'B', 1, 1, 8),
(84, 'B', 2, 1, 8),
(85, 'B', 3, 1, 8),
(86, 'B', 4, 1, 8),
(87, 'C', 1, 1, 8),
(88, 'C', 2, 1, 8),
(89, 'C', 3, 1, 8),
(90, 'C', 4, 1, 8),
(91, 'A', 1, 0, 9),
(92, 'A', 2, 0, 9),
(93, 'A', 3, 0, 9),
(94, 'A', 4, 0, 9),
(95, 'B', 1, 1, 9),
(96, 'B', 2, 1, 9),
(97, 'B', 3, 1, 9),
(98, 'B', 4, 1, 9),
(99, 'C', 1, 1, 9),
(100, 'C', 2, 1, 9),
(101, 'C', 3, 1, 9),
(102, 'C', 4, 1, 9),
(103, 'A', 1, 0, 14),
(104, 'A', 2, 1, 14),
(105, 'A', 3, 1, 14),
(106, 'A', 4, 1, 14),
(107, 'B', 1, 1, 14),
(108, 'B', 2, 1, 14),
(109, 'B', 3, 1, 14),
(110, 'B', 4, 1, 14),
(111, 'C', 1, 1, 14),
(112, 'C', 2, 1, 14),
(113, 'C', 3, 1, 14),
(114, 'C', 4, 1, 14),
(115, 'D', 1, 1, 14),
(116, 'D', 2, 1, 14),
(117, 'D', 3, 1, 14),
(118, 'D', 4, 1, 14),
(119, 'E', 1, 1, 14),
(120, 'E', 2, 1, 14),
(121, 'E', 3, 1, 14),
(122, 'E', 4, 1, 14),
(123, 'F', 1, 1, 14),
(124, 'F', 2, 1, 14),
(125, 'F', 3, 1, 14),
(126, 'F', 4, 1, 14),
(127, 'G', 1, 1, 14),
(128, 'G', 2, 1, 14),
(129, 'G', 3, 1, 14),
(130, 'G', 4, 1, 14),
(131, 'H', 1, 1, 14),
(132, 'H', 2, 1, 14),
(133, 'H', 3, 1, 14),
(134, 'H', 4, 1, 14),
(135, 'I', 1, 1, 14),
(136, 'I', 2, 1, 14),
(137, 'I', 3, 1, 14),
(138, 'I', 4, 1, 14),
(139, 'J', 1, 1, 14),
(140, 'J', 2, 1, 14),
(141, 'J', 3, 1, 14),
(142, 'J', 4, 1, 14),
(143, 'K', 1, 1, 14),
(144, 'K', 2, 1, 14),
(145, 'A', 1, 1, 15),
(146, 'A', 2, 1, 15),
(147, 'A', 3, 1, 15),
(148, 'A', 4, 1, 15),
(149, 'B', 1, 1, 15),
(150, 'B', 2, 1, 15),
(151, 'B', 3, 1, 15),
(152, 'B', 4, 1, 15),
(153, 'C', 1, 1, 15),
(154, 'C', 2, 1, 15),
(155, 'C', 3, 1, 15),
(156, 'C', 4, 1, 15),
(157, 'D', 1, 1, 15),
(158, 'D', 2, 1, 15),
(159, 'D', 3, 1, 15),
(160, 'D', 4, 1, 15),
(161, 'E', 1, 1, 15),
(162, 'E', 2, 1, 15),
(163, 'E', 3, 1, 15),
(164, 'E', 4, 1, 15),
(165, 'A', 1, 0, 16),
(166, 'A', 2, 1, 16),
(167, 'A', 3, 1, 16),
(168, 'A', 4, 1, 16),
(169, 'B', 1, 1, 16),
(170, 'B', 2, 1, 16),
(171, 'B', 3, 1, 16),
(172, 'B', 4, 1, 16),
(173, 'C', 1, 1, 16),
(174, 'C', 2, 1, 16),
(175, 'C', 3, 1, 16),
(176, 'C', 4, 1, 16),
(177, 'D', 1, 1, 16),
(178, 'D', 2, 1, 16),
(179, 'D', 3, 1, 16),
(180, 'D', 4, 1, 16),
(181, 'E', 1, 1, 16),
(182, 'E', 2, 1, 16),
(183, 'E', 3, 1, 16),
(184, 'E', 4, 1, 16),
(185, 'F', 1, 1, 16),
(186, 'F', 2, 1, 16),
(187, 'F', 3, 1, 16),
(188, 'F', 4, 1, 16),
(189, 'G', 1, 1, 16),
(190, 'G', 2, 1, 16),
(191, 'G', 3, 1, 16),
(192, 'G', 4, 1, 16),
(193, 'H', 1, 1, 16),
(194, 'H', 2, 1, 16),
(195, 'H', 3, 1, 16),
(196, 'H', 4, 1, 16),
(197, 'I', 1, 1, 16),
(198, 'I', 2, 1, 16),
(199, 'I', 3, 1, 16),
(200, 'I', 4, 1, 16),
(201, 'J', 1, 1, 16),
(202, 'J', 2, 1, 16),
(203, 'J', 3, 1, 16),
(204, 'J', 4, 1, 16),
(205, 'K', 1, 1, 16),
(206, 'K', 2, 1, 16),
(207, 'K', 3, 1, 16),
(208, 'K', 4, 1, 16),
(209, 'L', 1, 1, 16),
(210, 'L', 2, 1, 16),
(211, 'L', 3, 1, 16),
(212, 'L', 4, 1, 16),
(213, 'M', 1, 1, 16),
(214, 'M', 2, 1, 16),
(215, 'M', 3, 1, 16),
(216, 'M', 4, 1, 16),
(217, 'N', 1, 1, 16),
(218, 'N', 2, 1, 16),
(219, 'N', 3, 1, 16),
(220, 'N', 4, 1, 16),
(221, 'O', 1, 1, 16),
(222, 'O', 2, 1, 16),
(223, 'O', 3, 1, 16),
(224, 'O', 4, 1, 16),
(225, 'P', 1, 1, 16),
(226, 'P', 2, 1, 16),
(227, 'P', 3, 1, 16),
(228, 'P', 4, 1, 16),
(229, 'Q', 1, 1, 16),
(230, 'Q', 2, 1, 16),
(231, 'Q', 3, 1, 16),
(232, 'Q', 4, 1, 16),
(233, 'R', 1, 1, 16),
(234, 'R', 2, 1, 16),
(235, 'R', 3, 1, 16),
(236, 'R', 4, 1, 16),
(237, 'S', 1, 1, 16),
(238, 'S', 2, 1, 16),
(239, 'S', 3, 1, 16),
(240, 'S', 4, 1, 16),
(241, 'T', 1, 1, 16),
(242, 'T', 2, 1, 16),
(243, 'T', 3, 1, 16),
(244, 'T', 4, 1, 16),
(245, 'U', 1, 1, 16),
(246, 'U', 2, 1, 16),
(247, 'U', 3, 1, 16),
(248, 'U', 4, 1, 16),
(249, 'V', 1, 1, 16),
(250, 'V', 2, 1, 16),
(251, 'V', 3, 1, 16),
(252, 'V', 4, 1, 16),
(253, 'W', 1, 1, 16),
(254, 'W', 2, 1, 16),
(255, 'W', 3, 1, 16),
(256, 'W', 4, 1, 16),
(257, 'X', 1, 1, 16),
(258, 'X', 2, 1, 16),
(259, 'X', 3, 1, 16),
(260, 'X', 4, 1, 16),
(261, 'Y', 1, 1, 16),
(262, 'Y', 2, 1, 16),
(263, 'Y', 3, 1, 16),
(264, 'Y', 4, 1, 16),
(265, 'Z', 1, 1, 16),
(266, 'Z', 2, 1, 16),
(267, 'Z', 3, 1, 16),
(268, 'Z', 4, 1, 16),
(269, '[', 1, 1, 16),
(270, '[', 2, 1, 16),
(271, '[', 3, 1, 16),
(272, '[', 4, 1, 16),
(273, '\\', 1, 1, 16),
(274, '\\', 2, 1, 16),
(275, '\\', 3, 1, 16),
(276, '\\', 4, 1, 16),
(277, ']', 1, 1, 16),
(278, ']', 2, 1, 16),
(279, ']', 3, 1, 16),
(280, ']', 4, 1, 16),
(281, '^', 1, 1, 16),
(282, '^', 2, 1, 16),
(283, '^', 3, 1, 16),
(284, '^', 4, 1, 16),
(285, '_', 1, 1, 16),
(286, '_', 2, 1, 16),
(287, '_', 3, 1, 16),
(288, '_', 4, 1, 16),
(289, '`', 1, 1, 16),
(290, '`', 2, 1, 16),
(291, '`', 3, 1, 16),
(292, '`', 4, 1, 16),
(293, 'a', 1, 1, 16),
(294, 'a', 2, 1, 16),
(295, 'a', 3, 1, 16),
(296, 'a', 4, 1, 16),
(297, 'b', 1, 1, 16),
(298, 'b', 2, 1, 16),
(299, 'b', 3, 1, 16),
(300, 'b', 4, 1, 16),
(301, 'c', 1, 1, 16),
(302, 'c', 2, 1, 16),
(303, 'c', 3, 1, 16),
(304, 'c', 4, 1, 16),
(305, 'd', 1, 1, 16),
(306, 'd', 2, 1, 16),
(307, 'd', 3, 1, 16),
(308, 'd', 4, 1, 16),
(309, 'e', 1, 1, 16),
(310, 'e', 2, 1, 16),
(311, 'e', 3, 1, 16),
(312, 'e', 4, 1, 16),
(313, 'f', 1, 1, 16),
(314, 'f', 2, 1, 16),
(315, 'f', 3, 1, 16),
(316, 'f', 4, 1, 16),
(317, 'g', 1, 1, 16),
(318, 'g', 2, 1, 16),
(319, 'g', 3, 1, 16),
(320, 'g', 4, 1, 16),
(321, 'h', 1, 1, 16),
(322, 'h', 2, 1, 16),
(323, 'h', 3, 1, 16),
(324, 'h', 4, 1, 16),
(325, 'i', 1, 1, 16),
(326, 'i', 2, 1, 16),
(327, 'i', 3, 1, 16),
(328, 'i', 4, 1, 16),
(329, 'j', 1, 1, 16),
(330, 'j', 2, 1, 16),
(331, 'j', 3, 1, 16),
(332, 'j', 4, 1, 16),
(333, 'k', 1, 1, 16),
(334, 'k', 2, 1, 16),
(335, 'k', 3, 1, 16),
(336, 'k', 4, 1, 16),
(337, 'l', 1, 1, 16),
(338, 'l', 2, 1, 16),
(339, 'l', 3, 1, 16),
(340, 'l', 4, 1, 16),
(341, 'm', 1, 1, 16),
(342, 'm', 2, 1, 16),
(343, 'm', 3, 1, 16),
(344, 'm', 4, 1, 16),
(345, 'n', 1, 1, 16),
(346, 'n', 2, 1, 16),
(347, 'n', 3, 1, 16),
(348, 'n', 4, 1, 16),
(349, 'o', 1, 1, 16),
(350, 'o', 2, 1, 16),
(351, 'o', 3, 1, 16),
(352, 'o', 4, 1, 16),
(353, 'p', 1, 1, 16),
(354, 'p', 2, 1, 16),
(355, 'p', 3, 1, 16),
(356, 'p', 4, 1, 16),
(357, 'q', 1, 1, 16),
(358, 'q', 2, 1, 16),
(359, 'q', 3, 1, 16),
(360, 'q', 4, 1, 16),
(361, 'r', 1, 1, 16),
(362, 'r', 2, 1, 16),
(363, 'r', 3, 1, 16),
(364, 'r', 4, 1, 16),
(365, 'A', 1, 0, 17),
(366, 'A', 2, 0, 17),
(367, 'A', 3, 1, 17),
(368, 'A', 4, 1, 17),
(369, 'B', 1, 1, 17),
(370, 'B', 2, 1, 17),
(371, 'B', 3, 1, 17),
(372, 'B', 4, 1, 17),
(373, 'C', 1, 1, 17),
(374, 'C', 2, 1, 17),
(375, 'C', 3, 1, 17),
(376, 'C', 4, 1, 17),
(377, 'D', 1, 1, 17),
(378, 'D', 2, 1, 17),
(379, 'D', 3, 1, 17),
(380, 'D', 4, 1, 17),
(381, 'E', 1, 1, 17),
(382, 'E', 2, 1, 17),
(383, 'E', 3, 1, 17),
(384, 'E', 4, 1, 17),
(385, 'F', 1, 1, 17),
(386, 'F', 2, 1, 17),
(387, 'F', 3, 1, 17),
(388, 'F', 4, 1, 17),
(389, 'G', 1, 1, 17),
(390, 'G', 2, 1, 17),
(391, 'G', 3, 1, 17),
(392, 'G', 4, 1, 17),
(393, 'H', 1, 1, 17),
(394, 'H', 2, 1, 17),
(395, 'H', 3, 1, 17),
(396, 'H', 4, 1, 17),
(397, 'I', 1, 1, 17),
(398, 'I', 2, 1, 17),
(399, 'I', 3, 1, 17),
(400, 'I', 4, 1, 17),
(401, 'J', 1, 1, 17),
(402, 'J', 2, 1, 17),
(403, 'J', 3, 1, 17),
(404, 'J', 4, 1, 17),
(405, 'K', 1, 1, 17),
(406, 'K', 2, 1, 17),
(407, 'K', 3, 1, 17),
(408, 'K', 4, 1, 17),
(409, 'L', 1, 1, 17),
(410, 'L', 2, 1, 17),
(411, 'L', 3, 1, 17),
(412, 'L', 4, 1, 17),
(413, 'M', 1, 1, 17),
(414, 'M', 2, 1, 17),
(415, 'M', 3, 1, 17),
(416, 'M', 4, 1, 17),
(417, 'N', 1, 1, 17),
(418, 'N', 2, 1, 17),
(419, 'N', 3, 1, 17),
(420, 'N', 4, 1, 17),
(421, 'O', 1, 1, 17),
(422, 'O', 2, 1, 17),
(423, 'O', 3, 1, 17),
(424, 'O', 4, 1, 17),
(425, 'P', 1, 1, 17),
(426, 'P', 2, 1, 17),
(427, 'P', 3, 1, 17),
(428, 'P', 4, 1, 17),
(429, 'Q', 1, 1, 17),
(430, 'Q', 2, 1, 17),
(431, 'Q', 3, 1, 17),
(432, 'Q', 4, 1, 17),
(433, 'R', 1, 1, 17),
(434, 'R', 2, 1, 17),
(435, 'R', 3, 1, 17),
(436, 'R', 4, 1, 17),
(437, 'S', 1, 1, 17),
(438, 'S', 2, 1, 17),
(439, 'S', 3, 1, 17),
(440, 'S', 4, 1, 17),
(441, 'T', 1, 1, 17),
(442, 'T', 2, 1, 17),
(443, 'T', 3, 1, 17),
(444, 'T', 4, 1, 17),
(445, 'U', 1, 1, 17),
(446, 'U', 2, 1, 17),
(447, 'U', 3, 1, 17),
(448, 'U', 4, 1, 17),
(449, 'V', 1, 1, 17),
(450, 'V', 2, 1, 17),
(451, 'V', 3, 1, 17),
(452, 'V', 4, 1, 17),
(453, 'W', 1, 1, 17),
(454, 'W', 2, 1, 17),
(455, 'W', 3, 1, 17),
(456, 'W', 4, 1, 17),
(457, 'X', 1, 1, 17),
(458, 'X', 2, 1, 17),
(459, 'X', 3, 1, 17),
(460, 'X', 4, 1, 17),
(461, 'Y', 1, 1, 17),
(462, 'Y', 2, 1, 17),
(463, 'Y', 3, 1, 17),
(464, 'Y', 4, 1, 17),
(465, 'Z', 1, 1, 17),
(466, 'Z', 2, 1, 17),
(467, 'Z', 3, 1, 17),
(468, 'Z', 4, 1, 17),
(469, '[', 1, 1, 17),
(470, '[', 2, 1, 17),
(471, '[', 3, 1, 17),
(472, '[', 4, 1, 17),
(473, '\\', 1, 1, 17),
(474, '\\', 2, 1, 17),
(475, '\\', 3, 1, 17),
(476, '\\', 4, 1, 17),
(477, ']', 1, 1, 17),
(478, ']', 2, 1, 17),
(479, ']', 3, 1, 17),
(480, ']', 4, 1, 17),
(481, '^', 1, 1, 17),
(482, '^', 2, 1, 17),
(483, '^', 3, 1, 17),
(484, '^', 4, 1, 17),
(485, '_', 1, 1, 17),
(486, '_', 2, 1, 17),
(487, '_', 3, 1, 17),
(488, '_', 4, 1, 17),
(489, '`', 1, 1, 17),
(490, '`', 2, 1, 17),
(491, '`', 3, 1, 17),
(492, '`', 4, 1, 17),
(493, 'a', 1, 1, 17),
(494, 'a', 2, 1, 17),
(495, 'a', 3, 1, 17),
(496, 'a', 4, 1, 17),
(497, 'b', 1, 1, 17),
(498, 'b', 2, 1, 17),
(499, 'b', 3, 1, 17),
(500, 'b', 4, 1, 17),
(501, 'c', 1, 1, 17),
(502, 'c', 2, 1, 17),
(503, 'c', 3, 1, 17),
(504, 'c', 4, 1, 17),
(505, 'd', 1, 1, 17),
(506, 'd', 2, 1, 17),
(507, 'd', 3, 1, 17),
(508, 'd', 4, 1, 17),
(509, 'e', 1, 1, 17),
(510, 'e', 2, 1, 17),
(511, 'e', 3, 1, 17),
(512, 'e', 4, 1, 17),
(513, 'f', 1, 1, 17),
(514, 'f', 2, 1, 17),
(515, 'f', 3, 1, 17),
(516, 'f', 4, 1, 17),
(517, 'g', 1, 1, 17),
(518, 'g', 2, 1, 17),
(519, 'g', 3, 1, 17),
(520, 'g', 4, 1, 17),
(521, 'h', 1, 1, 17),
(522, 'h', 2, 1, 17),
(523, 'h', 3, 1, 17),
(524, 'h', 4, 1, 17),
(525, 'i', 1, 1, 17),
(526, 'i', 2, 1, 17),
(527, 'i', 3, 1, 17),
(528, 'i', 4, 1, 17),
(529, 'j', 1, 1, 17),
(530, 'j', 2, 1, 17),
(531, 'j', 3, 1, 17),
(532, 'j', 4, 1, 17),
(533, 'k', 1, 1, 17),
(534, 'k', 2, 1, 17),
(535, 'k', 3, 1, 17),
(536, 'k', 4, 1, 17),
(537, 'l', 1, 1, 17),
(538, 'l', 2, 1, 17),
(539, 'l', 3, 1, 17),
(540, 'l', 4, 1, 17),
(541, 'm', 1, 1, 17),
(542, 'm', 2, 1, 17),
(543, 'm', 3, 1, 17),
(544, 'm', 4, 1, 17),
(545, 'n', 1, 1, 17),
(546, 'n', 2, 1, 17),
(547, 'n', 3, 1, 17),
(548, 'n', 4, 1, 17),
(549, 'o', 1, 1, 17),
(550, 'o', 2, 1, 17),
(551, 'o', 3, 1, 17),
(552, 'o', 4, 1, 17),
(553, 'p', 1, 1, 17),
(554, 'p', 2, 1, 17),
(555, 'p', 3, 1, 17),
(556, 'p', 4, 1, 17),
(557, 'q', 1, 1, 17),
(558, 'q', 2, 1, 17),
(559, 'q', 3, 1, 17),
(560, 'q', 4, 1, 17),
(561, 'r', 1, 1, 17),
(562, 'r', 2, 1, 17),
(563, 'r', 3, 1, 17),
(564, 'r', 4, 1, 17),
(565, 'A', 1, 1, 18),
(566, 'A', 2, 1, 18),
(567, 'A', 3, 1, 18),
(568, 'A', 4, 1, 18),
(569, 'B', 1, 1, 18),
(570, 'B', 2, 1, 18),
(571, 'B', 3, 1, 18),
(572, 'B', 4, 1, 18),
(573, 'C', 1, 1, 18),
(574, 'C', 2, 1, 18),
(575, 'C', 3, 1, 18),
(576, 'C', 4, 1, 18),
(577, 'D', 1, 1, 18),
(578, 'D', 2, 1, 18),
(579, 'D', 3, 1, 18),
(580, 'D', 4, 1, 18),
(581, 'E', 1, 1, 18),
(582, 'E', 2, 1, 18),
(583, 'E', 3, 1, 18),
(584, 'E', 4, 1, 18),
(585, 'F', 1, 1, 18),
(586, 'F', 2, 1, 18),
(587, 'F', 3, 1, 18),
(588, 'F', 4, 1, 18),
(589, 'G', 1, 1, 18),
(590, 'G', 2, 1, 18),
(591, 'G', 3, 1, 18),
(592, 'G', 4, 1, 18),
(593, 'H', 1, 1, 18),
(594, 'H', 2, 1, 18),
(595, 'H', 3, 1, 18),
(596, 'H', 4, 1, 18),
(597, 'I', 1, 1, 18),
(598, 'I', 2, 1, 18),
(599, 'I', 3, 1, 18),
(600, 'I', 4, 1, 18),
(601, 'J', 1, 1, 18),
(602, 'J', 2, 1, 18),
(603, 'J', 3, 1, 18),
(604, 'J', 4, 1, 18),
(605, 'K', 1, 1, 18),
(606, 'K', 2, 1, 18),
(607, 'K', 3, 1, 18),
(608, 'K', 4, 1, 18),
(609, 'L', 1, 1, 18),
(610, 'L', 2, 1, 18),
(611, 'L', 3, 1, 18),
(612, 'L', 4, 1, 18),
(613, 'M', 1, 1, 18),
(614, 'M', 2, 1, 18),
(615, 'M', 3, 1, 18),
(616, 'M', 4, 1, 18),
(617, 'N', 1, 1, 18),
(618, 'N', 2, 1, 18),
(619, 'N', 3, 1, 18),
(620, 'N', 4, 1, 18),
(621, 'O', 1, 1, 18),
(622, 'O', 2, 1, 18),
(623, 'O', 3, 1, 18),
(624, 'O', 4, 1, 18),
(625, 'P', 1, 1, 18),
(626, 'P', 2, 1, 18),
(627, 'P', 3, 1, 18),
(628, 'P', 4, 1, 18),
(629, 'Q', 1, 1, 18),
(630, 'Q', 2, 1, 18),
(631, 'Q', 3, 1, 18),
(632, 'Q', 4, 1, 18),
(633, 'R', 1, 1, 18),
(634, 'R', 2, 1, 18),
(635, 'R', 3, 1, 18),
(636, 'R', 4, 1, 18),
(637, 'S', 1, 1, 18),
(638, 'S', 2, 1, 18),
(639, 'S', 3, 1, 18),
(640, 'S', 4, 1, 18),
(641, 'T', 1, 1, 18),
(642, 'T', 2, 1, 18),
(643, 'T', 3, 1, 18),
(644, 'T', 4, 1, 18),
(645, 'U', 1, 1, 18),
(646, 'U', 2, 1, 18),
(647, 'U', 3, 1, 18),
(648, 'U', 4, 1, 18),
(649, 'V', 1, 1, 18),
(650, 'V', 2, 1, 18),
(651, 'V', 3, 1, 18),
(652, 'V', 4, 1, 18),
(653, 'W', 1, 1, 18),
(654, 'W', 2, 1, 18),
(655, 'W', 3, 1, 18),
(656, 'W', 4, 1, 18),
(657, 'X', 1, 1, 18),
(658, 'X', 2, 1, 18),
(659, 'X', 3, 1, 18),
(660, 'X', 4, 1, 18),
(661, 'Y', 1, 1, 18),
(662, 'Y', 2, 1, 18),
(663, 'Y', 3, 1, 18),
(664, 'Y', 4, 1, 18),
(665, 'Z', 1, 1, 18),
(666, 'Z', 2, 1, 18),
(667, 'Z', 3, 1, 18),
(668, 'Z', 4, 1, 18),
(669, '[', 1, 1, 18),
(670, '[', 2, 1, 18),
(671, '[', 3, 1, 18),
(672, '[', 4, 1, 18),
(673, '\\', 1, 1, 18),
(674, '\\', 2, 1, 18),
(675, '\\', 3, 1, 18),
(676, '\\', 4, 1, 18),
(677, ']', 1, 1, 18),
(678, ']', 2, 1, 18),
(679, ']', 3, 1, 18),
(680, ']', 4, 1, 18),
(681, '^', 1, 1, 18),
(682, '^', 2, 1, 18),
(683, '^', 3, 1, 18),
(684, '^', 4, 1, 18),
(685, '_', 1, 1, 18),
(686, '_', 2, 1, 18),
(687, '_', 3, 1, 18),
(688, '_', 4, 1, 18),
(689, '`', 1, 1, 18),
(690, '`', 2, 1, 18),
(691, '`', 3, 1, 18),
(692, '`', 4, 1, 18),
(693, 'a', 1, 1, 18),
(694, 'a', 2, 1, 18),
(695, 'a', 3, 1, 18),
(696, 'a', 4, 1, 18),
(697, 'b', 1, 1, 18),
(698, 'b', 2, 1, 18),
(699, 'b', 3, 1, 18),
(700, 'b', 4, 1, 18),
(701, 'c', 1, 1, 18),
(702, 'c', 2, 1, 18),
(703, 'c', 3, 1, 18),
(704, 'c', 4, 1, 18),
(705, 'd', 1, 1, 18),
(706, 'd', 2, 1, 18),
(707, 'd', 3, 1, 18),
(708, 'd', 4, 1, 18),
(709, 'e', 1, 1, 18),
(710, 'e', 2, 1, 18),
(711, 'e', 3, 1, 18),
(712, 'e', 4, 1, 18),
(713, 'f', 1, 1, 18),
(714, 'f', 2, 1, 18),
(715, 'f', 3, 1, 18),
(716, 'f', 4, 1, 18),
(717, 'g', 1, 1, 18),
(718, 'g', 2, 1, 18),
(719, 'g', 3, 1, 18),
(720, 'g', 4, 1, 18),
(721, 'h', 1, 1, 18),
(722, 'h', 2, 1, 18),
(723, 'h', 3, 1, 18),
(724, 'h', 4, 1, 18),
(725, 'i', 1, 1, 18),
(726, 'i', 2, 1, 18),
(727, 'i', 3, 1, 18),
(728, 'i', 4, 1, 18),
(729, 'j', 1, 1, 18),
(730, 'j', 2, 1, 18),
(731, 'j', 3, 1, 18),
(732, 'j', 4, 1, 18),
(733, 'k', 1, 1, 18),
(734, 'k', 2, 1, 18),
(735, 'k', 3, 1, 18),
(736, 'k', 4, 1, 18),
(737, 'l', 1, 1, 18),
(738, 'l', 2, 1, 18),
(739, 'l', 3, 1, 18),
(740, 'l', 4, 1, 18),
(741, 'm', 1, 1, 18),
(742, 'm', 2, 1, 18),
(743, 'm', 3, 1, 18),
(744, 'm', 4, 1, 18),
(745, 'n', 1, 1, 18),
(746, 'n', 2, 1, 18),
(747, 'n', 3, 1, 18),
(748, 'n', 4, 1, 18),
(749, 'o', 1, 1, 18),
(750, 'o', 2, 1, 18),
(751, 'o', 3, 1, 18),
(752, 'o', 4, 1, 18),
(753, 'p', 1, 1, 18),
(754, 'p', 2, 1, 18),
(755, 'p', 3, 1, 18),
(756, 'p', 4, 1, 18),
(757, 'q', 1, 1, 18),
(758, 'q', 2, 1, 18),
(759, 'q', 3, 1, 18),
(760, 'q', 4, 1, 18),
(761, 'r', 1, 1, 18),
(762, 'r', 2, 1, 18),
(763, 'r', 3, 1, 18),
(764, 'r', 4, 1, 18),
(765, 'A', 1, 0, 19),
(766, 'A', 2, 0, 19),
(767, 'A', 3, 1, 19),
(768, 'A', 4, 1, 19),
(769, 'B', 1, 1, 19),
(770, 'B', 2, 1, 19),
(771, 'B', 3, 1, 19),
(772, 'B', 4, 1, 19),
(773, 'C', 1, 1, 19),
(774, 'C', 2, 1, 19),
(775, 'C', 3, 1, 19),
(776, 'C', 4, 1, 19),
(777, 'D', 1, 1, 19),
(778, 'D', 2, 1, 19),
(779, 'D', 3, 1, 19),
(780, 'D', 4, 1, 19),
(781, 'E', 1, 1, 19),
(782, 'E', 2, 1, 19),
(783, 'E', 3, 1, 19),
(784, 'E', 4, 1, 19),
(785, 'F', 1, 1, 19),
(786, 'F', 2, 1, 19),
(787, 'F', 3, 1, 19),
(788, 'F', 4, 1, 19),
(789, 'G', 1, 1, 19),
(790, 'G', 2, 1, 19),
(791, 'G', 3, 1, 19),
(792, 'G', 4, 1, 19),
(793, 'H', 1, 1, 19),
(794, 'H', 2, 1, 19),
(795, 'H', 3, 1, 19),
(796, 'H', 4, 1, 19),
(797, 'I', 1, 1, 19),
(798, 'I', 2, 1, 19),
(799, 'I', 3, 1, 19),
(800, 'I', 4, 1, 19),
(801, 'J', 1, 1, 19),
(802, 'J', 2, 1, 19),
(803, 'J', 3, 1, 19),
(804, 'J', 4, 1, 19),
(805, 'K', 1, 1, 19),
(806, 'K', 2, 1, 19),
(807, 'K', 3, 1, 19),
(808, 'K', 4, 1, 19),
(809, 'L', 1, 1, 19),
(810, 'L', 2, 1, 19),
(811, 'L', 3, 1, 19),
(812, 'L', 4, 1, 19),
(813, 'M', 1, 1, 19),
(814, 'M', 2, 1, 19),
(815, 'M', 3, 1, 19),
(816, 'M', 4, 1, 19),
(817, 'N', 1, 1, 19),
(818, 'N', 2, 1, 19),
(819, 'N', 3, 1, 19),
(820, 'N', 4, 1, 19),
(821, 'O', 1, 1, 19),
(822, 'O', 2, 1, 19),
(823, 'O', 3, 1, 19),
(824, 'O', 4, 1, 19),
(825, 'P', 1, 1, 19),
(826, 'P', 2, 1, 19),
(827, 'P', 3, 1, 19),
(828, 'P', 4, 1, 19),
(829, 'Q', 1, 1, 19),
(830, 'Q', 2, 0, 19),
(831, 'Q', 3, 0, 19),
(832, 'Q', 4, 1, 19),
(833, 'R', 1, 1, 19),
(834, 'R', 2, 1, 19),
(835, 'R', 3, 1, 19),
(836, 'R', 4, 1, 19),
(837, 'S', 1, 1, 19),
(838, 'S', 2, 1, 19),
(839, 'S', 3, 1, 19),
(840, 'S', 4, 1, 19),
(841, 'T', 1, 1, 19),
(842, 'T', 2, 1, 19),
(843, 'T', 3, 1, 19),
(844, 'T', 4, 1, 19),
(845, 'U', 1, 1, 19),
(846, 'U', 2, 1, 19),
(847, 'U', 3, 1, 19),
(848, 'U', 4, 1, 19),
(849, 'V', 1, 1, 19),
(850, 'V', 2, 1, 19),
(851, 'V', 3, 1, 19),
(852, 'V', 4, 1, 19),
(853, 'W', 1, 1, 19),
(854, 'W', 2, 1, 19),
(855, 'W', 3, 1, 19),
(856, 'W', 4, 1, 19),
(857, 'X', 1, 1, 19),
(858, 'X', 2, 1, 19),
(859, 'X', 3, 1, 19),
(860, 'X', 4, 1, 19),
(861, 'Y', 1, 1, 19),
(862, 'Y', 2, 1, 19),
(863, 'Y', 3, 1, 19),
(864, 'Y', 4, 1, 19),
(865, 'Z', 1, 1, 19),
(866, 'Z', 2, 1, 19),
(867, 'Z', 3, 1, 19),
(868, 'Z', 4, 1, 19),
(869, '[', 1, 1, 19),
(870, '[', 2, 1, 19),
(871, '[', 3, 1, 19),
(872, '[', 4, 1, 19),
(873, '\\', 1, 1, 19),
(874, '\\', 2, 1, 19),
(875, '\\', 3, 1, 19),
(876, '\\', 4, 1, 19),
(877, ']', 1, 1, 19),
(878, ']', 2, 1, 19),
(879, ']', 3, 1, 19),
(880, ']', 4, 1, 19),
(881, '^', 1, 1, 19),
(882, '^', 2, 1, 19),
(883, '^', 3, 1, 19),
(884, '^', 4, 1, 19),
(885, '_', 1, 1, 19),
(886, '_', 2, 1, 19),
(887, '_', 3, 1, 19),
(888, '_', 4, 1, 19),
(889, '`', 1, 1, 19),
(890, '`', 2, 1, 19),
(891, '`', 3, 1, 19),
(892, '`', 4, 1, 19),
(893, 'a', 1, 1, 19),
(894, 'a', 2, 1, 19),
(895, 'a', 3, 1, 19),
(896, 'a', 4, 1, 19),
(897, 'b', 1, 1, 19),
(898, 'b', 2, 1, 19),
(899, 'b', 3, 1, 19),
(900, 'b', 4, 1, 19),
(901, 'c', 1, 1, 19),
(902, 'c', 2, 1, 19),
(903, 'c', 3, 1, 19),
(904, 'c', 4, 1, 19),
(905, 'd', 1, 1, 19),
(906, 'd', 2, 1, 19),
(907, 'd', 3, 1, 19),
(908, 'd', 4, 1, 19),
(909, 'e', 1, 1, 19),
(910, 'e', 2, 1, 19),
(911, 'e', 3, 1, 19),
(912, 'e', 4, 1, 19),
(913, 'f', 1, 1, 19),
(914, 'f', 2, 1, 19),
(915, 'f', 3, 1, 19),
(916, 'f', 4, 1, 19),
(917, 'g', 1, 1, 19),
(918, 'g', 2, 1, 19),
(919, 'g', 3, 1, 19),
(920, 'g', 4, 1, 19),
(921, 'h', 1, 1, 19),
(922, 'h', 2, 1, 19),
(923, 'h', 3, 1, 19),
(924, 'h', 4, 1, 19),
(925, 'i', 1, 1, 19),
(926, 'i', 2, 1, 19),
(927, 'i', 3, 1, 19),
(928, 'i', 4, 1, 19),
(929, 'j', 1, 1, 19),
(930, 'j', 2, 1, 19),
(931, 'j', 3, 1, 19),
(932, 'j', 4, 1, 19),
(933, 'k', 1, 1, 19),
(934, 'k', 2, 1, 19),
(935, 'k', 3, 1, 19),
(936, 'k', 4, 1, 19),
(937, 'l', 1, 1, 19),
(938, 'l', 2, 1, 19),
(939, 'l', 3, 1, 19),
(940, 'l', 4, 1, 19),
(941, 'm', 1, 1, 19),
(942, 'm', 2, 1, 19),
(943, 'm', 3, 1, 19),
(944, 'm', 4, 1, 19),
(945, 'n', 1, 1, 19),
(946, 'n', 2, 1, 19),
(947, 'n', 3, 1, 19),
(948, 'n', 4, 1, 19),
(949, 'o', 1, 1, 19),
(950, 'o', 2, 1, 19),
(951, 'o', 3, 1, 19),
(952, 'o', 4, 1, 19),
(953, 'p', 1, 1, 19),
(954, 'p', 2, 1, 19),
(955, 'p', 3, 1, 19),
(956, 'p', 4, 1, 19),
(957, 'q', 1, 1, 19),
(958, 'q', 2, 1, 19),
(959, 'q', 3, 1, 19),
(960, 'q', 4, 1, 19),
(961, 'r', 1, 1, 19),
(962, 'r', 2, 1, 19),
(963, 'r', 3, 1, 19),
(964, 'r', 4, 1, 19),
(965, 'A', 1, 0, 20),
(966, 'A', 2, 0, 20),
(967, 'A', 3, 1, 20),
(968, 'A', 4, 1, 20),
(969, 'B', 1, 1, 20),
(970, 'B', 2, 1, 20),
(971, 'B', 3, 1, 20),
(972, 'B', 4, 1, 20),
(973, 'C', 1, 1, 20),
(974, 'C', 2, 1, 20),
(975, 'C', 3, 1, 20),
(976, 'C', 4, 1, 20),
(977, 'D', 1, 1, 20),
(978, 'D', 2, 1, 20),
(979, 'D', 3, 1, 20),
(980, 'D', 4, 1, 20),
(981, 'E', 1, 1, 20),
(982, 'E', 2, 1, 20),
(983, 'E', 3, 1, 20),
(984, 'E', 4, 1, 20),
(985, 'F', 1, 1, 20),
(986, 'F', 2, 1, 20),
(987, 'F', 3, 1, 20),
(988, 'F', 4, 1, 20),
(989, 'G', 1, 1, 20),
(990, 'G', 2, 1, 20),
(991, 'G', 3, 1, 20),
(992, 'G', 4, 1, 20),
(993, 'H', 1, 1, 20),
(994, 'H', 2, 1, 20),
(995, 'H', 3, 1, 20),
(996, 'H', 4, 1, 20),
(997, 'I', 1, 1, 20),
(998, 'I', 2, 1, 20),
(999, 'I', 3, 1, 20),
(1000, 'I', 4, 1, 20),
(1001, 'J', 1, 1, 20),
(1002, 'J', 2, 1, 20),
(1003, 'J', 3, 1, 20),
(1004, 'J', 4, 1, 20),
(1005, 'K', 1, 1, 20),
(1006, 'K', 2, 1, 20),
(1007, 'K', 3, 1, 20),
(1008, 'K', 4, 1, 20),
(1009, 'L', 1, 1, 20),
(1010, 'L', 2, 1, 20),
(1011, 'L', 3, 1, 20),
(1012, 'L', 4, 1, 20),
(1013, 'M', 1, 1, 20),
(1014, 'M', 2, 1, 20),
(1015, 'M', 3, 1, 20),
(1016, 'M', 4, 1, 20),
(1017, 'N', 1, 1, 20),
(1018, 'N', 2, 1, 20),
(1019, 'N', 3, 1, 20),
(1020, 'N', 4, 1, 20),
(1021, 'O', 1, 1, 20),
(1022, 'O', 2, 1, 20),
(1023, 'O', 3, 1, 20),
(1024, 'O', 4, 1, 20),
(1025, 'P', 1, 1, 20),
(1026, 'P', 2, 1, 20),
(1027, 'P', 3, 1, 20),
(1028, 'P', 4, 1, 20),
(1029, 'Q', 1, 1, 20),
(1030, 'Q', 2, 1, 20),
(1031, 'Q', 3, 1, 20),
(1032, 'Q', 4, 1, 20),
(1033, 'R', 1, 1, 20),
(1034, 'R', 2, 1, 20),
(1035, 'R', 3, 1, 20),
(1036, 'R', 4, 1, 20),
(1037, 'S', 1, 1, 20),
(1038, 'S', 2, 1, 20),
(1039, 'S', 3, 1, 20),
(1040, 'S', 4, 1, 20),
(1041, 'T', 1, 1, 20),
(1042, 'T', 2, 1, 20),
(1043, 'T', 3, 1, 20),
(1044, 'T', 4, 1, 20),
(1045, 'U', 1, 1, 20),
(1046, 'U', 2, 1, 20),
(1047, 'U', 3, 1, 20),
(1048, 'U', 4, 1, 20),
(1049, 'V', 1, 1, 20),
(1050, 'V', 2, 1, 20),
(1051, 'V', 3, 1, 20),
(1052, 'V', 4, 1, 20),
(1053, 'W', 1, 1, 20),
(1054, 'W', 2, 1, 20),
(1055, 'W', 3, 1, 20),
(1056, 'W', 4, 1, 20),
(1057, 'X', 1, 1, 20),
(1058, 'X', 2, 1, 20),
(1059, 'X', 3, 1, 20),
(1060, 'X', 4, 1, 20),
(1061, 'Y', 1, 1, 20),
(1062, 'Y', 2, 1, 20),
(1063, 'Y', 3, 1, 20),
(1064, 'Y', 4, 1, 20),
(1065, 'Z', 1, 1, 20),
(1066, 'Z', 2, 1, 20),
(1067, 'Z', 3, 1, 20),
(1068, 'Z', 4, 1, 20),
(1069, '[', 1, 1, 20),
(1070, '[', 2, 1, 20),
(1071, '[', 3, 1, 20),
(1072, '[', 4, 1, 20),
(1073, '\\', 1, 1, 20),
(1074, '\\', 2, 1, 20),
(1075, '\\', 3, 1, 20),
(1076, '\\', 4, 1, 20),
(1077, ']', 1, 1, 20),
(1078, ']', 2, 1, 20),
(1079, ']', 3, 1, 20),
(1080, ']', 4, 1, 20),
(1081, '^', 1, 1, 20),
(1082, '^', 2, 1, 20),
(1083, '^', 3, 1, 20),
(1084, '^', 4, 1, 20),
(1085, '_', 1, 1, 20),
(1086, '_', 2, 1, 20),
(1087, '_', 3, 1, 20),
(1088, '_', 4, 1, 20),
(1089, '`', 1, 1, 20),
(1090, '`', 2, 1, 20),
(1091, '`', 3, 1, 20),
(1092, '`', 4, 1, 20),
(1093, 'a', 1, 1, 20),
(1094, 'a', 2, 1, 20),
(1095, 'a', 3, 1, 20),
(1096, 'a', 4, 1, 20),
(1097, 'b', 1, 1, 20),
(1098, 'b', 2, 1, 20),
(1099, 'b', 3, 1, 20),
(1100, 'b', 4, 1, 20),
(1101, 'c', 1, 1, 20),
(1102, 'c', 2, 1, 20),
(1103, 'c', 3, 1, 20),
(1104, 'c', 4, 1, 20),
(1105, 'd', 1, 1, 20),
(1106, 'd', 2, 1, 20),
(1107, 'd', 3, 1, 20),
(1108, 'd', 4, 1, 20),
(1109, 'e', 1, 1, 20),
(1110, 'e', 2, 1, 20),
(1111, 'e', 3, 1, 20),
(1112, 'e', 4, 1, 20),
(1113, 'f', 1, 1, 20),
(1114, 'f', 2, 1, 20),
(1115, 'f', 3, 1, 20),
(1116, 'f', 4, 1, 20),
(1117, 'g', 1, 1, 20),
(1118, 'g', 2, 1, 20),
(1119, 'g', 3, 1, 20),
(1120, 'g', 4, 1, 20),
(1121, 'h', 1, 1, 20),
(1122, 'h', 2, 1, 20),
(1123, 'h', 3, 1, 20),
(1124, 'h', 4, 1, 20),
(1125, 'i', 1, 1, 20),
(1126, 'i', 2, 1, 20),
(1127, 'i', 3, 1, 20),
(1128, 'i', 4, 1, 20),
(1129, 'j', 1, 1, 20),
(1130, 'j', 2, 1, 20),
(1131, 'j', 3, 1, 20),
(1132, 'j', 4, 1, 20),
(1133, 'k', 1, 1, 20),
(1134, 'k', 2, 1, 20),
(1135, 'k', 3, 1, 20),
(1136, 'k', 4, 1, 20),
(1137, 'l', 1, 1, 20),
(1138, 'l', 2, 1, 20),
(1139, 'l', 3, 1, 20),
(1140, 'l', 4, 1, 20),
(1141, 'm', 1, 1, 20),
(1142, 'm', 2, 1, 20),
(1143, 'm', 3, 1, 20),
(1144, 'm', 4, 1, 20),
(1145, 'n', 1, 1, 20),
(1146, 'n', 2, 1, 20),
(1147, 'n', 3, 1, 20),
(1148, 'n', 4, 1, 20),
(1149, 'o', 1, 1, 20),
(1150, 'o', 2, 1, 20),
(1151, 'o', 3, 1, 20),
(1152, 'o', 4, 1, 20),
(1153, 'p', 1, 1, 20),
(1154, 'p', 2, 1, 20),
(1155, 'p', 3, 1, 20),
(1156, 'p', 4, 1, 20),
(1157, 'q', 1, 1, 20),
(1158, 'q', 2, 1, 20),
(1159, 'q', 3, 1, 20),
(1160, 'q', 4, 1, 20),
(1161, 'r', 1, 1, 20),
(1162, 'r', 2, 1, 20),
(1163, 'r', 3, 1, 20),
(1164, 'r', 4, 1, 20),
(1165, 'A', 1, 0, 21),
(1166, 'A', 2, 1, 21),
(1167, 'A', 3, 1, 21),
(1168, 'A', 4, 1, 21),
(1169, 'B', 1, 1, 21),
(1170, 'B', 2, 1, 21),
(1171, 'B', 3, 1, 21),
(1172, 'B', 4, 1, 21),
(1173, 'C', 1, 1, 21),
(1174, 'C', 2, 1, 21),
(1175, 'C', 3, 1, 21),
(1176, 'C', 4, 1, 21),
(1177, 'D', 1, 1, 21),
(1178, 'D', 2, 1, 21),
(1179, 'D', 3, 1, 21),
(1180, 'D', 4, 1, 21),
(1181, 'E', 1, 1, 21),
(1182, 'E', 2, 1, 21),
(1183, 'E', 3, 1, 21),
(1184, 'E', 4, 1, 21),
(1185, 'F', 1, 1, 21),
(1186, 'F', 2, 1, 21),
(1187, 'F', 3, 1, 21),
(1188, 'F', 4, 1, 21),
(1189, 'G', 1, 1, 21),
(1190, 'G', 2, 1, 21),
(1191, 'G', 3, 1, 21),
(1192, 'G', 4, 1, 21),
(1193, 'H', 1, 1, 21),
(1194, 'H', 2, 1, 21),
(1195, 'H', 3, 1, 21),
(1196, 'H', 4, 1, 21),
(1197, 'I', 1, 1, 21),
(1198, 'I', 2, 1, 21),
(1199, 'I', 3, 1, 21),
(1200, 'I', 4, 1, 21),
(1201, 'J', 1, 1, 21),
(1202, 'J', 2, 1, 21),
(1203, 'J', 3, 1, 21),
(1204, 'J', 4, 1, 21),
(1205, 'K', 1, 1, 21),
(1206, 'K', 2, 1, 21),
(1207, 'K', 3, 1, 21),
(1208, 'K', 4, 1, 21),
(1209, 'L', 1, 1, 21),
(1210, 'L', 2, 1, 21),
(1211, 'L', 3, 1, 21),
(1212, 'L', 4, 1, 21),
(1213, 'M', 1, 1, 21),
(1214, 'M', 2, 1, 21),
(1215, 'M', 3, 1, 21),
(1216, 'M', 4, 1, 21),
(1217, 'N', 1, 1, 21),
(1218, 'N', 2, 1, 21),
(1219, 'N', 3, 1, 21),
(1220, 'N', 4, 1, 21),
(1221, 'O', 1, 1, 21),
(1222, 'O', 2, 1, 21),
(1223, 'O', 3, 1, 21),
(1224, 'O', 4, 1, 21),
(1225, 'P', 1, 1, 21),
(1226, 'P', 2, 1, 21),
(1227, 'P', 3, 1, 21),
(1228, 'P', 4, 1, 21),
(1229, 'Q', 1, 1, 21),
(1230, 'Q', 2, 1, 21),
(1231, 'Q', 3, 1, 21),
(1232, 'Q', 4, 1, 21),
(1233, 'R', 1, 1, 21),
(1234, 'R', 2, 1, 21),
(1235, 'R', 3, 1, 21),
(1236, 'R', 4, 1, 21),
(1237, 'S', 1, 1, 21),
(1238, 'S', 2, 1, 21),
(1239, 'S', 3, 1, 21),
(1240, 'S', 4, 1, 21),
(1241, 'T', 1, 1, 21),
(1242, 'T', 2, 1, 21),
(1243, 'T', 3, 1, 21),
(1244, 'T', 4, 1, 21),
(1245, 'U', 1, 1, 21),
(1246, 'U', 2, 1, 21),
(1247, 'U', 3, 1, 21),
(1248, 'U', 4, 1, 21),
(1249, 'V', 1, 1, 21),
(1250, 'V', 2, 1, 21),
(1251, 'V', 3, 1, 21),
(1252, 'V', 4, 1, 21),
(1253, 'W', 1, 1, 21),
(1254, 'W', 2, 1, 21),
(1255, 'W', 3, 1, 21),
(1256, 'W', 4, 1, 21),
(1257, 'X', 1, 1, 21),
(1258, 'X', 2, 1, 21),
(1259, 'X', 3, 1, 21),
(1260, 'X', 4, 1, 21),
(1261, 'Y', 1, 1, 21),
(1262, 'Y', 2, 1, 21),
(1263, 'Y', 3, 1, 21),
(1264, 'Y', 4, 1, 21),
(1265, 'Z', 1, 1, 21),
(1266, 'Z', 2, 1, 21),
(1267, 'Z', 3, 1, 21),
(1268, 'Z', 4, 1, 21),
(1269, '[', 1, 1, 21),
(1270, '[', 2, 1, 21),
(1271, '[', 3, 1, 21),
(1272, '[', 4, 1, 21),
(1273, '\\', 1, 1, 21),
(1274, '\\', 2, 1, 21),
(1275, '\\', 3, 1, 21),
(1276, '\\', 4, 1, 21),
(1277, ']', 1, 1, 21),
(1278, ']', 2, 1, 21),
(1279, ']', 3, 1, 21),
(1280, ']', 4, 1, 21),
(1281, '^', 1, 1, 21),
(1282, '^', 2, 1, 21),
(1283, '^', 3, 1, 21),
(1284, '^', 4, 1, 21),
(1285, '_', 1, 1, 21),
(1286, '_', 2, 1, 21),
(1287, '_', 3, 1, 21),
(1288, '_', 4, 1, 21),
(1289, '`', 1, 1, 21),
(1290, '`', 2, 1, 21),
(1291, '`', 3, 1, 21),
(1292, '`', 4, 1, 21),
(1293, 'a', 1, 1, 21),
(1294, 'a', 2, 1, 21),
(1295, 'a', 3, 1, 21),
(1296, 'a', 4, 1, 21),
(1297, 'b', 1, 1, 21),
(1298, 'b', 2, 1, 21),
(1299, 'b', 3, 1, 21),
(1300, 'b', 4, 1, 21),
(1301, 'c', 1, 1, 21),
(1302, 'c', 2, 1, 21),
(1303, 'c', 3, 1, 21),
(1304, 'c', 4, 1, 21),
(1305, 'd', 1, 1, 21),
(1306, 'd', 2, 1, 21),
(1307, 'd', 3, 1, 21),
(1308, 'd', 4, 1, 21),
(1309, 'e', 1, 1, 21),
(1310, 'e', 2, 1, 21),
(1311, 'e', 3, 1, 21),
(1312, 'e', 4, 1, 21),
(1313, 'f', 1, 1, 21),
(1314, 'f', 2, 1, 21),
(1315, 'f', 3, 1, 21),
(1316, 'f', 4, 1, 21),
(1317, 'g', 1, 1, 21),
(1318, 'g', 2, 1, 21),
(1319, 'g', 3, 1, 21),
(1320, 'g', 4, 1, 21),
(1321, 'h', 1, 1, 21),
(1322, 'h', 2, 1, 21),
(1323, 'h', 3, 1, 21),
(1324, 'h', 4, 1, 21),
(1325, 'i', 1, 1, 21),
(1326, 'i', 2, 1, 21),
(1327, 'i', 3, 1, 21),
(1328, 'i', 4, 1, 21),
(1329, 'j', 1, 1, 21),
(1330, 'j', 2, 1, 21),
(1331, 'j', 3, 1, 21),
(1332, 'j', 4, 1, 21),
(1333, 'k', 1, 1, 21),
(1334, 'k', 2, 1, 21),
(1335, 'k', 3, 1, 21),
(1336, 'k', 4, 1, 21),
(1337, 'l', 1, 1, 21),
(1338, 'l', 2, 1, 21),
(1339, 'l', 3, 1, 21),
(1340, 'l', 4, 1, 21),
(1341, 'm', 1, 1, 21),
(1342, 'm', 2, 1, 21),
(1343, 'm', 3, 1, 21),
(1344, 'm', 4, 1, 21),
(1345, 'n', 1, 1, 21),
(1346, 'n', 2, 1, 21),
(1347, 'n', 3, 1, 21),
(1348, 'n', 4, 1, 21),
(1349, 'o', 1, 1, 21),
(1350, 'o', 2, 1, 21),
(1351, 'o', 3, 1, 21),
(1352, 'o', 4, 1, 21),
(1353, 'p', 1, 1, 21),
(1354, 'p', 2, 1, 21),
(1355, 'p', 3, 1, 21),
(1356, 'p', 4, 1, 21),
(1357, 'q', 1, 1, 21),
(1358, 'q', 2, 1, 21),
(1359, 'q', 3, 1, 21),
(1360, 'q', 4, 1, 21),
(1361, 'r', 1, 1, 21),
(1362, 'r', 2, 1, 21),
(1363, 'r', 3, 1, 21),
(1364, 'r', 4, 1, 21);

-- --------------------------------------------------------

--
-- Estructura de tabla para la tabla `pelicula`
--

CREATE TABLE `pelicula` (
  `idPelicula` int(11) NOT NULL,
  `titulo` varchar(70) NOT NULL,
  `director` varchar(70) NOT NULL,
  `actores` varchar(200) NOT NULL,
  `origen` varchar(70) NOT NULL,
  `genero` varchar(20) NOT NULL,
  `estreno` date NOT NULL,
  `cartelera` tinyint(1) NOT NULL,
  `rutaImagen` varchar(255) DEFAULT NULL
) ENGINE=InnoDB DEFAULT CHARSET=utf8mb4 COLLATE=utf8mb4_general_ci;

--
-- Volcado de datos para la tabla `pelicula`
--

INSERT INTO `pelicula` (`idPelicula`, `titulo`, `director`, `actores`, `origen`, `genero`, `estreno`, `cartelera`, `rutaImagen`) VALUES
(3, 'El señor de los anillos', 'Peter Jackson', 'Elijah Wood, Ian McKellen, Orlando Bloom', 'Estado Unidos', 'Aventuras', '2005-03-15', 1, 'src/img/El señor de los anillos.jpg'),
(4, 'La guerra de los mundos', 'Steven Spielberg', 'Tom Cruise', 'Estados Unidos', 'Ciencia ficcion', '2005-06-25', 1, 'src/img/GuerradElosMundos.jpg'),
(5, 'Interestelar', 'Christopher Nolan', 'Matthew McConaughey, Anne Hathaway', 'Estados Unidos', 'Ciencia Ficcion, Dra', '2014-10-26', 1, 'src/img/Interestellar.jpg'),
(6, 'Star Wars Episodio I: La amenaza fantasma', 'George Lucas', 'Liam Neeson, Ewan McGregor, Natalie Portman', 'Estados Unidos', 'Ciencia Ficcion', '1999-05-19', 1, 'src/img/SW-Episodio1.png'),
(7, 'Star Wars Episodio 2: El ataque de los clones', 'George Lucas', 'Hayden Christensen, Ewan McGregor, Natalie Portman', 'Estados Unidos', 'Ciencia Ficcion', '1999-05-19', 1, 'src/img/starwars2.jpg'),
(8, 'Star Waras 3: Episodio 3', 'George Lucas', 'Heyden Christensen', 'estados unidos', 'Ciencia ficcion', '2025-11-12', 1, 'src/img/starwars3.jpg'),
(9, 'Nada es lo que parece', 'Ruben Flesischer', 'Morgan Freeman, Rosamund Pike, Woody Harrelson', 'Estados Unidos', 'Accion', '2026-05-07', 1, 'src/img/3236_img2.jpg'),
(10, 'DEPREDADOR: TIERRAS SALVAJES', 'Dan Trachtenberg', 'Elle Fanning, Dimitrius Koloamatangi', 'Estados Unidos', 'Thriller', '2026-06-04', 1, 'src/img/3266_img2.jpg'),
(11, 'Perfect Blue', 'Satoshi Kon', 'Rica Matsumoto, Emi Shinohara , Shinpachi Tsuji', 'Japón ', 'Terror, Animación', '2026-05-14', 1, 'src/img/3334_img2.jpg'),
(12, 'El Sobreviviente', 'Edgar Wright', 'Glen Powell, Josh Brolin, Emilia Jones, Michael Cera, Katy O\'Brian, Lee Pace', 'Reino Unido', 'Acción, Ciencia, Fic', '2026-05-21', 1, 'src/img/3350_img2.jpg'),
(13, 'amor fuera de tiempo', 'Justin Wu', 'Noah Beck, Siena Agudong, Drew Tanner, Jake Foy, James Van Der Beek, Josh Zaharia, Mia Shanks', 'Estados Unidos', 'Comedia Romántica', '2026-05-28', 1, 'src/img/3384_img2.jpg'),
(14, '2 monjas: exorcismos prohibidos', 'Kwon Hyeok-jae', 'Song Hye-kyo, Jeon Yeo-been, Lee Jin-wook, Heo Jun-ho, Woo-Jin Moon, Kim Kuk-hee', 'Corea del Sur', 'Terror, Drama', '2026-05-21', 1, 'src/img/3394_img2.jpg');

-- --------------------------------------------------------

--
-- Estructura de tabla para la tabla `sala`
--

CREATE TABLE `sala` (
  `idSala` int(10) NOT NULL,
  `nroSala` int(10) NOT NULL,
  `apta3d` tinyint(1) NOT NULL,
  `capacidad` int(230) NOT NULL,
  `estado` tinyint(1) NOT NULL
) ENGINE=InnoDB DEFAULT CHARSET=utf8mb4 COLLATE=utf8mb4_general_ci;

--
-- Volcado de datos para la tabla `sala`
--

INSERT INTO `sala` (`idSala`, `nroSala`, `apta3d`, `capacidad`, `estado`) VALUES
(3, 1, 1, 200, 1),
(4, 2, 1, 200, 1),
(5, 3, 0, 200, 1),
(6, 4, 0, 200, 1),
(7, 5, 0, 200, 1),
(8, 6, 1, 200, 1),
(9, 7, 1, 200, 1),
(10, 8, 0, 200, 1),
(11, 9, 1, 200, 1),
(12, 10, 0, 200, 1);

-- --------------------------------------------------------

--
-- Estructura de tabla para la tabla `ticketcompra`
--

CREATE TABLE `ticketcompra` (
  `idTicket` int(11) NOT NULL,
  `fechaCompra` date NOT NULL,
  `fechaFuncion` datetime NOT NULL,
  `monto` double NOT NULL,
  `idComprador` int(11) NOT NULL,
  `idDetalleTicket` int(11) NOT NULL
) ENGINE=InnoDB DEFAULT CHARSET=utf8mb4 COLLATE=utf8mb4_general_ci;

--
-- Volcado de datos para la tabla `ticketcompra`
--

INSERT INTO `ticketcompra` (`idTicket`, `fechaCompra`, `fechaFuncion`, `monto`, `idComprador`, `idDetalleTicket`) VALUES
(1, '2025-10-28', '2025-11-18 00:00:00', 8000, 3, 2),
(2, '2025-11-12', '2025-12-16 16:30:00', 8000, 8, 4),
(3, '2025-11-12', '2025-11-15 14:00:00', 9000, 8, 5),
(4, '2025-11-17', '2025-12-16 16:30:00', 8000, 9, 6),
(6, '2025-11-18', '2026-06-04 20:00:00', 17000, 3, 8),
(7, '2025-11-18', '2026-05-07 18:00:00', 17000, 10, 14),
(8, '2025-11-18', '2026-05-28 18:00:00', 17000, 12, 16),
(9, '2025-11-18', '2025-11-16 20:00:00', 34000, 13, 18),
(10, '2025-11-18', '2026-05-07 18:00:00', 17000, 13, 22);

--
-- Índices para tablas volcadas
--

--
-- Indices de la tabla `comprador`
--
ALTER TABLE `comprador`
  ADD PRIMARY KEY (`idComprador`),
  ADD UNIQUE KEY `dni` (`dni`);

--
-- Indices de la tabla `detalleticket`
--
ALTER TABLE `detalleticket`
  ADD PRIMARY KEY (`idDetalleTicket`),
  ADD KEY `idFuncion` (`idFuncion`),
  ADD KEY `idLugar` (`idLugar`);

--
-- Indices de la tabla `funcion`
--
ALTER TABLE `funcion`
  ADD PRIMARY KEY (`idFuncion`),
  ADD KEY `idPelicula` (`idPelicula`),
  ADD KEY `idSala` (`idSala`);

--
-- Indices de la tabla `lugar`
--
ALTER TABLE `lugar`
  ADD PRIMARY KEY (`idLugar`),
  ADD KEY `idFuncion` (`idFuncion`);

--
-- Indices de la tabla `pelicula`
--
ALTER TABLE `pelicula`
  ADD PRIMARY KEY (`idPelicula`);

--
-- Indices de la tabla `sala`
--
ALTER TABLE `sala`
  ADD PRIMARY KEY (`idSala`);

--
-- Indices de la tabla `ticketcompra`
--
ALTER TABLE `ticketcompra`
  ADD PRIMARY KEY (`idTicket`),
  ADD KEY `idComprador` (`idComprador`),
  ADD KEY `idDetalleTicket` (`idDetalleTicket`);

--
-- AUTO_INCREMENT de las tablas volcadas
--

--
-- AUTO_INCREMENT de la tabla `comprador`
--
ALTER TABLE `comprador`
  MODIFY `idComprador` int(11) NOT NULL AUTO_INCREMENT, AUTO_INCREMENT=14;

--
-- AUTO_INCREMENT de la tabla `detalleticket`
--
ALTER TABLE `detalleticket`
  MODIFY `idDetalleTicket` int(11) NOT NULL AUTO_INCREMENT, AUTO_INCREMENT=24;

--
-- AUTO_INCREMENT de la tabla `funcion`
--
ALTER TABLE `funcion`
  MODIFY `idFuncion` int(11) NOT NULL AUTO_INCREMENT, AUTO_INCREMENT=22;

--
-- AUTO_INCREMENT de la tabla `lugar`
--
ALTER TABLE `lugar`
  MODIFY `idLugar` int(11) NOT NULL AUTO_INCREMENT, AUTO_INCREMENT=1365;

--
-- AUTO_INCREMENT de la tabla `pelicula`
--
ALTER TABLE `pelicula`
  MODIFY `idPelicula` int(11) NOT NULL AUTO_INCREMENT, AUTO_INCREMENT=15;

--
-- AUTO_INCREMENT de la tabla `sala`
--
ALTER TABLE `sala`
  MODIFY `idSala` int(10) NOT NULL AUTO_INCREMENT, AUTO_INCREMENT=13;

--
-- AUTO_INCREMENT de la tabla `ticketcompra`
--
ALTER TABLE `ticketcompra`
  MODIFY `idTicket` int(11) NOT NULL AUTO_INCREMENT, AUTO_INCREMENT=11;

--
-- Restricciones para tablas volcadas
--

--
-- Filtros para la tabla `detalleticket`
--
ALTER TABLE `detalleticket`
  ADD CONSTRAINT `detalleticket_ibfk_1` FOREIGN KEY (`idFuncion`) REFERENCES `funcion` (`idFuncion`),
  ADD CONSTRAINT `detalleticket_ibfk_2` FOREIGN KEY (`idLugar`) REFERENCES `lugar` (`idLugar`);

--
-- Filtros para la tabla `funcion`
--
ALTER TABLE `funcion`
  ADD CONSTRAINT `funcion_ibfk_1` FOREIGN KEY (`idPelicula`) REFERENCES `pelicula` (`idPelicula`),
  ADD CONSTRAINT `funcion_ibfk_2` FOREIGN KEY (`idSala`) REFERENCES `sala` (`idSala`);

--
-- Filtros para la tabla `lugar`
--
ALTER TABLE `lugar`
  ADD CONSTRAINT `lugar_ibfk_1` FOREIGN KEY (`idFuncion`) REFERENCES `funcion` (`idFuncion`);

--
-- Filtros para la tabla `ticketcompra`
--
ALTER TABLE `ticketcompra`
  ADD CONSTRAINT `ticketcompra_ibfk_1` FOREIGN KEY (`idComprador`) REFERENCES `comprador` (`idComprador`),
  ADD CONSTRAINT `ticketcompra_ibfk_2` FOREIGN KEY (`idDetalleTicket`) REFERENCES `detalleticket` (`idDetalleTicket`);
COMMIT;

/*!40101 SET CHARACTER_SET_CLIENT=@OLD_CHARACTER_SET_CLIENT */;
/*!40101 SET CHARACTER_SET_RESULTS=@OLD_CHARACTER_SET_RESULTS */;
/*!40101 SET COLLATION_CONNECTION=@OLD_COLLATION_CONNECTION */;
